{
  "config": {
    "ragcheck_version": "0.1.0",
    "retriever": "bm25@300",
    "k": 10,
    "n_items": 1401,
    "evalset_fingerprint": "9093f3b55b9f56ec"
  },
  "summary": {
    "hit_rate@1": 0.0007137758743754461,
    "recall@1": 0.0007137758743754461,
    "ndcg@1": 0.0007137758743754461,
    "hit_rate@5": 0.14632405424696646,
    "recall@5": 0.14632405424696646,
    "ndcg@5": 0.06105194310658493,
    "hit_rate@10": 0.48394004282655245,
    "recall@10": 0.48394004282655245,
    "ndcg@10": 0.17083112269411946,
    "mrr": 0.0801898870421356
  },
  "by_difficulty": {
    "easy": {
      "n": 7.0,
      "hit_rate@1": 0.14285714285714285,
      "recall@1": 0.14285714285714285,
      "ndcg@1": 0.14285714285714285,
      "hit_rate@5": 1.0,
      "recall@5": 1.0,
      "ndcg@5": 0.6649498239796126,
      "hit_rate@10": 1.0,
      "recall@10": 1.0,
      "ndcg@10": 0.6649498239796126,
      "mrr": 0.5476190476190477
    },
    "medium": {
      "n": 3.0,
      "hit_rate@1": 0.0,
      "recall@1": 0.0,
      "ndcg@1": 0.0,
      "hit_rate@5": 1.0,
      "recall@5": 1.0,
      "ndcg@5": 0.4974276232394146,
      "hit_rate@10": 1.0,
      "recall@10": 1.0,
      "ndcg@10": 0.4974276232394146,
      "mrr": 0.3333333333333333
    },
    "hard": {
      "n": 1391.0,
      "hit_rate@1": 0.0,
      "recall@1": 0.0,
      "ndcg@1": 0.0,
      "hit_rate@5": 0.14018691588785046,
      "recall@5": 0.14018691588785046,
      "ndcg@5": 0.05707177617163908,
      "hit_rate@10": 0.4802300503235083,
      "recall@10": 0.4802300503235083,
      "ndcg@10": 0.16764016625225434,
      "mrr": 0.07729165953465035
    }
  },
  "per_item": []
}
