{
  "config": {
    "ragcheck_version": "0.1.0",
    "retriever": "bm25@800",
    "k": 10,
    "n_items": 1401,
    "evalset_fingerprint": "9093f3b55b9f56ec"
  },
  "summary": {
    "hit_rate@1": 0.0021413276231263384,
    "recall@1": 0.0021413276231263384,
    "ndcg@1": 0.0021413276231263384,
    "hit_rate@5": 0.4668094218415418,
    "recall@5": 0.4668094218415418,
    "ndcg@5": 0.21967564257074415,
    "hit_rate@10": 0.6930763740185582,
    "recall@10": 0.6930763740185582,
    "ndcg@10": 0.29341558926033506,
    "mrr": 0.1706400190340232
  },
  "by_difficulty": {
    "easy": {
      "n": 7.0,
      "hit_rate@1": 0.42857142857142855,
      "recall@1": 0.42857142857142855,
      "ndcg@1": 0.42857142857142855,
      "hit_rate@5": 1.0,
      "recall@5": 1.0,
      "ndcg@5": 0.7891027163265473,
      "hit_rate@10": 1.0,
      "recall@10": 1.0,
      "ndcg@10": 0.7891027163265473,
      "mrr": 0.7142857142857143
    },
    "medium": {
      "n": 3.0,
      "hit_rate@1": 0.0,
      "recall@1": 0.0,
      "ndcg@1": 0.0,
      "hit_rate@5": 1.0,
      "recall@5": 1.0,
      "ndcg@5": 0.5436432511904858,
      "hit_rate@10": 1.0,
      "recall@10": 1.0,
      "ndcg@10": 0.5436432511904858,
      "mrr": 0.38888888888888884
    },
    "hard": {
      "n": 1391.0,
      "hit_rate@1": 0.0,
      "recall@1": 0.0,
      "ndcg@1": 0.0,
      "hit_rate@5": 0.4629762760603882,
      "recall@5": 0.4629762760603882,
      "ndcg@5": 0.21611137776689804,
      "hit_rate@10": 0.6908698777857656,
      "recall@10": 0.6908698777857656,
      "ndcg@10": 0.2903814462874709,
      "mrr": 0.16743350107836077
    }
  },
  "per_item": []
}
