{
  "config": {
    "ragcheck_version": "0.1.0",
    "retriever": "bm25@800",
    "k": 10,
    "n_items": 648,
    "evalset_fingerprint": "8f9c15b581779074"
  },
  "summary": {
    "hit_rate@1": 0.20833333333333334,
    "recall@1": 0.102904447233151,
    "ndcg@1": 0.20833333333333334,
    "hit_rate@5": 0.3441358024691358,
    "recall@5": 0.19991730663026955,
    "ndcg@5": 0.18927198177249746,
    "hit_rate@10": 0.42901234567901236,
    "recall@10": 0.26239904642682416,
    "ndcg@10": 0.21030047568268834,
    "mrr": 0.26773160395845585
  },
  "by_difficulty": {
    "easy": {
      "n": 142.0,
      "hit_rate@1": 0.39436619718309857,
      "recall@1": 0.18905376704672472,
      "ndcg@1": 0.39436619718309857,
      "hit_rate@5": 0.6056338028169014,
      "recall@5": 0.31485376907912116,
      "ndcg@5": 0.3250300230426469,
      "hit_rate@10": 0.704225352112676,
      "recall@10": 0.400501493811353,
      "ndcg@10": 0.3509911661237072,
      "mrr": 0.4843393695506374
    },
    "medium": {
      "n": 335.0,
      "hit_rate@1": 0.22388059701492538,
      "recall@1": 0.11145208025805041,
      "ndcg@1": 0.22388059701492538,
      "hit_rate@5": 0.3761194029850746,
      "recall@5": 0.22836969001148102,
      "ndcg@5": 0.2102348394256355,
      "hit_rate@10": 0.4746268656716418,
      "recall@10": 0.29999015909463667,
      "ndcg@10": 0.2350937805900572,
      "mrr": 0.2895403932717365
    },
    "hard": {
      "n": 171.0,
      "hit_rate@1": 0.023391812865497075,
      "recall@1": 0.014619883040935672,
      "ndcg@1": 0.023391812865497075,
      "hit_rate@5": 0.06432748538011696,
      "recall@5": 0.048732943469785565,
      "ndcg@5": 0.03546964742067059,
      "hit_rate@10": 0.1111111111111111,
      "recall@10": 0.07407407407407407,
      "ndcg@10": 0.044897930731850846,
      "mrr": 0.04513366750208855
    }
  },
  "per_item": []
}
