{
  "config": {
    "ragcheck_version": "0.1.0",
    "retriever": "bm25@300",
    "k": 10,
    "n_items": 648,
    "evalset_fingerprint": "8f9c15b581779074"
  },
  "summary": {
    "hit_rate@1": 0.1712962962962963,
    "recall@1": 0.08317162518551412,
    "ndcg@1": 0.1712962962962963,
    "hit_rate@5": 0.31635802469135804,
    "recall@5": 0.1772578416096934,
    "ndcg@5": 0.16322485887710045,
    "hit_rate@10": 0.38425925925925924,
    "recall@10": 0.2276449801912765,
    "ndcg@10": 0.18014934893804488,
    "mrr": 0.2347277336860669
  },
  "by_difficulty": {
    "easy": {
      "n": 142.0,
      "hit_rate@1": 0.36619718309859156,
      "recall@1": 0.16467441009694528,
      "ndcg@1": 0.36619718309859156,
      "hit_rate@5": 0.5774647887323944,
      "recall@5": 0.29179038879743097,
      "ndcg@5": 0.2971957884377544,
      "hit_rate@10": 0.6830985915492958,
      "recall@10": 0.35582230758287103,
      "ndcg@10": 0.31665841968370134,
      "mrr": 0.4617147328414935
    },
    "medium": {
      "n": 335.0,
      "hit_rate@1": 0.16417910447761194,
      "recall@1": 0.083616259362528,
      "ndcg@1": 0.16417910447761194,
      "hit_rate@5": 0.3402985074626866,
      "recall@5": 0.2002851128970532,
      "ndcg@5": 0.1745299532863147,
      "hit_rate@10": 0.41194029850746267,
      "recall@10": 0.25941446613088404,
      "ndcg@10": 0.19531613289606015,
      "mrr": 0.23876451077943625
    },
    "hard": {
      "n": 171.0,
      "hit_rate@1": 0.023391812865497075,
      "recall@1": 0.014619883040935672,
      "ndcg@1": 0.023391812865497075,
      "hit_rate@5": 0.05263157894736842,
      "recall@5": 0.037037037037037035,
      "ndcg@5": 0.02982673826482209,
      "hit_rate@10": 0.08187134502923976,
      "recall@10": 0.058966861598440536,
      "ndcg@10": 0.03707823389817202,
      "mrr": 0.038327299730808506
    }
  },
  "per_item": []
}
