{
  "config": {
    "ragcheck_version": "0.1.0",
    "retriever": "bm25@800",
    "k": 10,
    "n_items": 323,
    "evalset_fingerprint": "58db564a006bdc7a"
  },
  "summary": {
    "hit_rate@1": 0.38080495356037153,
    "recall@1": 0.051152292237019455,
    "ndcg@1": 0.38080495356037153,
    "hit_rate@5": 0.6006191950464397,
    "recall@5": 0.11322154900007508,
    "ndcg@5": 0.2933790576693071,
    "hit_rate@10": 0.6563467492260062,
    "recall@10": 0.1380593739515569,
    "ndcg@10": 0.2592606971286294,
    "mrr": 0.47020738119809324
  },
  "by_difficulty": {
    "easy": {
      "n": 144.0,
      "hit_rate@1": 0.6875,
      "recall@1": 0.09455767530037426,
      "ndcg@1": 0.6875,
      "hit_rate@5": 0.9444444444444444,
      "recall@5": 0.18445272594280893,
      "ndcg@5": 0.5185448639913488,
      "hit_rate@10": 0.9652777777777778,
      "recall@10": 0.2126135395896459,
      "ndcg@10": 0.44834381093096426,
      "mrr": 0.7900077160493827
    },
    "medium": {
      "n": 85.0,
      "hit_rate@1": 0.24705882352941178,
      "recall@1": 0.0327162958741575,
      "ndcg@1": 0.24705882352941178,
      "hit_rate@5": 0.5882352941176471,
      "recall@5": 0.10775507117525371,
      "ndcg@5": 0.20852960958236524,
      "hit_rate@10": 0.7176470588235294,
      "recall@10": 0.14666483088384025,
      "ndcg@10": 0.20049145442805447,
      "mrr": 0.3856956115779645
    },
    "hard": {
      "n": 94.0,
      "hit_rate@1": 0.031914893617021274,
      "recall@1": 0.001329787234042553,
      "ndcg@1": 0.031914893617021274,
      "hit_rate@5": 0.0851063829787234,
      "recall@5": 0.009044539801736298,
      "ndcg@5": 0.025169770190754507,
      "hit_rate@10": 0.1276595744680851,
      "recall@10": 0.01606720702465383,
      "ndcg@10": 0.022743859277700153,
      "mrr": 0.056720702465383306
    }
  },
  "per_item": []
}
