{
  "config": {
    "ragcheck_version": "0.1.0",
    "retriever": "bm25@300",
    "k": 10,
    "n_items": 323,
    "evalset_fingerprint": "58db564a006bdc7a"
  },
  "summary": {
    "hit_rate@1": 0.4024767801857585,
    "recall@1": 0.05014836448617905,
    "ndcg@1": 0.4024767801857585,
    "hit_rate@5": 0.5696594427244582,
    "recall@5": 0.10607698411741436,
    "ndcg@5": 0.28751198322234794,
    "hit_rate@10": 0.6439628482972136,
    "recall@10": 0.13126533122957593,
    "ndcg@10": 0.25173283736815727,
    "mrr": 0.4746953167231805
  },
  "by_difficulty": {
    "easy": {
      "n": 144.0,
      "hit_rate@1": 0.6875,
      "recall@1": 0.08254199473076965,
      "ndcg@1": 0.6875,
      "hit_rate@5": 0.9236111111111112,
      "recall@5": 0.17746464492177694,
      "ndcg@5": 0.5112309918795281,
      "hit_rate@10": 0.9513888888888888,
      "recall@10": 0.20816490258307835,
      "ndcg@10": 0.43671936643575704,
      "mrr": 0.7877865961199294
    },
    "medium": {
      "n": 85.0,
      "hit_rate@1": 0.32941176470588235,
      "recall@1": 0.049257346915352926,
      "ndcg@1": 0.32941176470588235,
      "hit_rate@5": 0.5294117647058824,
      "recall@5": 0.094420793631827,
      "ndcg@5": 0.2079856584599607,
      "hit_rate@10": 0.6941176470588235,
      "recall@10": 0.13264591283437022,
      "ndcg@10": 0.197499846198817,
      "mrr": 0.41533613445378154
    },
    "hard": {
      "n": 94.0,
      "hit_rate@1": 0.031914893617021274,
      "recall@1": 0.001329787234042553,
      "ndcg@1": 0.031914893617021274,
      "hit_rate@5": 0.06382978723404255,
      "recall@5": 0.00725733555833681,
      "ndcg@5": 0.016705604053932545,
      "hit_rate@10": 0.1276595744680851,
      "recall@10": 0.01221333430072615,
      "ndcg@10": 0.017389689109216365,
      "mrr": 0.048741979061127996
    }
  },
  "per_item": []
}
