{
  "config": {
    "ragcheck_version": "0.1.0",
    "retriever": "bm25@300",
    "k": 10,
    "n_items": 1000,
    "evalset_fingerprint": "312f549d2919ce39"
  },
  "summary": {
    "hit_rate@1": 0.169,
    "recall@1": 0.03434999999999996,
    "ndcg@1": 0.169,
    "hit_rate@5": 0.332,
    "recall@5": 0.08930000000000042,
    "ndcg@5": 0.10543841818939412,
    "hit_rate@10": 0.438,
    "recall@10": 0.13228333333333384,
    "ndcg@10": 0.1290039895419877,
    "mrr": 0.2419353174603173
  },
  "by_difficulty": {
    "easy": {
      "n": 76.0,
      "hit_rate@1": 0.5394736842105263,
      "recall@1": 0.10855263157894741,
      "ndcg@1": 0.5394736842105263,
      "hit_rate@5": 0.8026315789473685,
      "recall@5": 0.2151315789473683,
      "ndcg@5": 0.28057306740229737,
      "hit_rate@10": 0.8552631578947368,
      "recall@10": 0.288815789473684,
      "ndcg@10": 0.32139279177917013,
      "mrr": 0.6497389306599833
    },
    "medium": {
      "n": 526.0,
      "hit_rate@1": 0.21863117870722434,
      "recall@1": 0.044486692015209044,
      "ndcg@1": 0.21863117870722434,
      "hit_rate@5": 0.4448669201520912,
      "recall@5": 0.12110266159695854,
      "ndcg@5": 0.1413807503180002,
      "hit_rate@10": 0.5741444866920152,
      "recall@10": 0.17563371356147087,
      "ndcg@10": 0.1712677427074703,
      "mrr": 0.3186937956424648
    },
    "hard": {
      "n": 398.0,
      "hit_rate@1": 0.032663316582914576,
      "recall@1": 0.00678391959798995,
      "ndcg@1": 0.032663316582914576,
      "hit_rate@5": 0.09296482412060302,
      "recall@5": 0.023241206030150757,
      "ndcg@5": 0.024493945727515825,
      "hit_rate@10": 0.17839195979899497,
      "recall@10": 0.045100502512562785,
      "ndcg@10": 0.03641031332321921,
      "mrr": 0.06261864879955333
    }
  },
  "per_item": []
}
