{
  "config": {
    "ragcheck_version": "0.1.0",
    "retriever": "bm25@800",
    "k": 10,
    "n_items": 1000,
    "evalset_fingerprint": "312f549d2919ce39"
  },
  "summary": {
    "hit_rate@1": 0.168,
    "recall@1": 0.034183333333333295,
    "ndcg@1": 0.168,
    "hit_rate@5": 0.36,
    "recall@5": 0.09978333333333386,
    "ndcg@5": 0.11426061635527308,
    "hit_rate@10": 0.464,
    "recall@10": 0.14923333333333363,
    "ndcg@10": 0.14109701313705708,
    "mrr": 0.2529686507936506
  },
  "by_difficulty": {
    "easy": {
      "n": 76.0,
      "hit_rate@1": 0.5263157894736842,
      "recall@1": 0.10657894736842109,
      "ndcg@1": 0.5263157894736842,
      "hit_rate@5": 0.868421052631579,
      "recall@5": 0.24671052631578924,
      "ndcg@5": 0.3091534311047636,
      "hit_rate@10": 0.8947368421052632,
      "recall@10": 0.33157894736842086,
      "ndcg@10": 0.354547971235794,
      "mrr": 0.6807383040935673
    },
    "medium": {
      "n": 526.0,
      "hit_rate@1": 0.22053231939163498,
      "recall@1": 0.044930291508238185,
      "ndcg@1": 0.22053231939163498,
      "hit_rate@5": 0.4847908745247148,
      "recall@5": 0.13333333333333375,
      "ndcg@5": 0.1508656565134722,
      "hit_rate@10": 0.6083650190114068,
      "recall@10": 0.19597591888466492,
      "ndcg@10": 0.1850241774434837,
      "mrr": 0.33084148107912364
    },
    "hard": {
      "n": 398.0,
      "hit_rate@1": 0.03015075376884422,
      "recall@1": 0.006155778894472362,
      "ndcg@1": 0.03015075376884422,
      "hit_rate@5": 0.09798994974874371,
      "recall@5": 0.02738693467336683,
      "ndcg@5": 0.028667387601066508,
      "hit_rate@10": 0.19095477386934673,
      "recall@10": 0.052638190954773824,
      "ndcg@10": 0.04228304017051318,
      "mrr": 0.06836663476110712
    }
  },
  "per_item": []
}
