{
  "config": {
    "ragcheck_version": "0.1.0",
    "retriever": "bm25@300",
    "k": 10,
    "n_items": 300,
    "evalset_fingerprint": "52cec9499ab082b2"
  },
  "summary": {
    "hit_rate@1": 0.4766666666666667,
    "recall@1": 0.46055555555555555,
    "ndcg@1": 0.4766666666666667,
    "hit_rate@5": 0.6466666666666666,
    "recall@5": 0.6227777777777778,
    "ndcg@5": 0.5549901805645937,
    "hit_rate@10": 0.7533333333333333,
    "recall@10": 0.7287222222222222,
    "ndcg@10": 0.5895578197433664,
    "mrr": 0.5561494708994709
  },
  "by_difficulty": {
    "easy": {
      "n": 65.0,
      "hit_rate@1": 0.8615384615384616,
      "recall@1": 0.8102564102564104,
      "ndcg@1": 0.8615384615384616,
      "hit_rate@5": 0.9846153846153847,
      "recall@5": 0.9551282051282051,
      "ndcg@5": 0.9004557395737797,
      "hit_rate@10": 1.0,
      "recall@10": 0.9782051282051282,
      "ndcg@10": 0.9090908682249395,
      "mrr": 0.9091452991452992
    },
    "medium": {
      "n": 133.0,
      "hit_rate@1": 0.5789473684210527,
      "recall@1": 0.5676691729323309,
      "ndcg@1": 0.5789473684210527,
      "hit_rate@5": 0.7819548872180451,
      "recall@5": 0.75,
      "ndcg@5": 0.6754518482959124,
      "hit_rate@10": 0.8646616541353384,
      "recall@10": 0.8295739348370929,
      "ndcg@10": 0.7028837969035062,
      "mrr": 0.6718522496717986
    },
    "hard": {
      "n": 102.0,
      "hit_rate@1": 0.09803921568627451,
      "recall@1": 0.09803921568627451,
      "ndcg@1": 0.09803921568627451,
      "hit_rate@5": 0.2549019607843137,
      "recall@5": 0.24509803921568626,
      "ndcg@5": 0.17776799287966819,
      "hit_rate@10": 0.45098039215686275,
      "recall@10": 0.4382352941176471,
      "ndcg@10": 0.23816563235512325,
      "mrr": 0.18033380018674136
    }
  },
  "per_item": []
}
