{
  "config": {
    "ragcheck_version": "0.1.0",
    "retriever": "bm25@800",
    "k": 10,
    "n_items": 300,
    "evalset_fingerprint": "52cec9499ab082b2"
  },
  "summary": {
    "hit_rate@1": 0.5133333333333333,
    "recall@1": 0.4997222222222222,
    "ndcg@1": 0.5133333333333333,
    "hit_rate@5": 0.72,
    "recall@5": 0.6978888888888888,
    "ndcg@5": 0.6126070935374907,
    "hit_rate@10": 0.7666666666666667,
    "recall@10": 0.744,
    "ndcg@10": 0.6286722676389349,
    "mrr": 0.6002050264550264
  },
  "by_difficulty": {
    "easy": {
      "n": 65.0,
      "hit_rate@1": 0.9384615384615385,
      "recall@1": 0.8987179487179487,
      "ndcg@1": 0.9384615384615385,
      "hit_rate@5": 1.0,
      "recall@5": 0.9782051282051282,
      "ndcg@5": 0.9542440301347723,
      "hit_rate@10": 1.0,
      "recall@10": 0.9833333333333333,
      "ndcg@10": 0.9568157294419447,
      "mrr": 0.9615384615384616
    },
    "medium": {
      "n": 133.0,
      "hit_rate@1": 0.6015037593984962,
      "recall@1": 0.5902255639097744,
      "ndcg@1": 0.6015037593984962,
      "hit_rate@5": 0.8721804511278195,
      "recall@5": 0.8464912280701755,
      "ndcg@5": 0.7347254132881745,
      "hit_rate@10": 0.924812030075188,
      "recall@10": 0.8916040100250627,
      "ndcg@10": 0.7506873948560744,
      "mrr": 0.7156492421530016
    },
    "hard": {
      "n": 102.0,
      "hit_rate@1": 0.12745098039215685,
      "recall@1": 0.12745098039215685,
      "ndcg@1": 0.12745098039215685,
      "hit_rate@5": 0.3431372549019608,
      "recall@5": 0.3254901960784314,
      "ndcg@5": 0.23566456995254761,
      "hit_rate@10": 0.4117647058823529,
      "recall@10": 0.3990196078431373,
      "ndcg@10": 0.260463081981335,
      "mrr": 0.21941332088390908
    }
  },
  "per_item": []
}
